{
    "scores": {
        "Anthony": [
            0.12454956717405335,
            -0.10301828799085137
        ],
        "Alexandra": [
            -0.2575409203079508,
            0.008250885055229692
        ],
        "Koren": [
            0.10195254350376132,
            0.16942213694883151
        ],
        "Alan": [
            0.03103880963013615,
            -0.07465473401320986
        ]
    },
    "variance_explained": [
        0.5883832066137084,
        0.2838328303543764
    ],
    "loadings": {
        "trip hop": [
            0.004410345513806092,
            -0.022534313722421886
        ],
        "gangsta rap": [
            0.0634612154603914,
            -0.08705266205666705
        ],
        "drum and bass": [
            0.15618191489779865,
            0.534869587206071
        ],
        "pop": [
            0.018354343310555837,
            -0.10972249801621127
        ],
        "plugg": [
            0.08158346194373457,
            0.16967464419802541
        ],
        "experimental hip hop": [
            0.030769466489403527,
            -0.031359463105469505
        ],
        "alternative r&b": [
            0.02441935222027083,
            -0.04508971735812692
        ],
        "alternative hip hop": [
            0.018968146923013404,
            -0.09630417515259129
        ],
        "underground trap": [
            0.07417776893435324,
            0.22927392805341368
        ],
        "alternative rock": [
            -0.36592251208856996,
            -0.021621821952124438
        ],
        "abstract hip hop": [
            0.06032002315744084,
            -0.12901367687067603
        ],
        "rage": [
            0.09630581867551737,
            0.13563916463673553
        ],
        "pop rock": [
            -0.18727249497131926,
            0.004880135370425361
        ],
        "punk rap": [
            0.05882837667847603,
            0.07209016134579903
        ],
        "art pop": [
            0.006462319142225203,
            -0.025999989577336666
        ],
        "cloud rap": [
            0.0701913767652608,
            0.055958839046215667
        ],
        "nu disco": [
            0.005329744336488111,
            -0.0250174160680034
        ],
        "pop rap": [
            0.14328466046731897,
            -0.27788155857388946
        ],
        "east coast hip hop": [
            0.027115808022775457,
            -0.07128838299615735
        ],
        "jazz fusion": [
            0.03077236017407316,
            0.10047068620081245
        ],
        "southern hip hop": [
            0.05613398514754841,
            -0.0694516404941918
        ],
        "west coast hip hop": [
            0.025784644515470922,
            -0.045093612494869366
        ],
        "jazz rap": [
            0.027292416342309403,
            -0.07805098023771424
        ],
        "indie pop": [
            -0.008447455389356361,
            -0.023082265073462036
        ],
        "trap": [
            0.34496365321437694,
            -0.0716422962686272
        ],
        "hardcore hip hop": [
            0.007172715123892169,
            -0.028138835723199702
        ],
        "post hardcore": [
            -0.34437564116184927,
            0.02550985460241828
        ],
        "synth pop": [
            0.0004145967974210014,
            -0.022094803805175124
        ],
        "art rock": [
            -0.0016494232418981403,
            -0.019929317403746354
        ],
        "boom bap": [
            0.021067251783134518,
            -0.07964885667072101
        ],
        "contemporary r&b": [
            0.08255718658434383,
            -0.15184984989018901
        ],
        "industrial hip hop": [
            0.004729922726291558,
            -0.025637976160696185
        ],
        "melodic hip hop": [
            0.024995532587116023,
            -0.009432980984284918
        ],
        "soul": [
            0.0430941941119087,
            -0.09500189057231105
        ],
        "electro pop": [
            -0.07916848781629336,
            -0.007777874847915088
        ],
        "hard rock": [
            -0.16143679350996865,
            0.00483652843208238
        ],
        "math rock": [
            0.03780594382413959,
            0.13414633829991934
        ],
        "dance pop": [
            0.010568170579531216,
            -0.05137370874076367
        ],
        "post rock": [
            0.02830533039568036,
            0.10756991174347161
        ],
        "jungle": [
            0.09675742814708356,
            0.33380321591336964
        ],
        "conscious hip hop": [
            0.038126028987767256,
            -0.11302917861204112
        ],
        "metalcore": [
            -0.3996290510598716,
            0.025958107539734744
        ],
        "punk rock": [
            -0.20024618460108473,
            0.012388988185746979
        ],
        "pop punk": [
            -0.43480097037376714,
            0.021631254791353877
        ],
        "electronic": [
            0.011675760114876818,
            -0.05118434007466042
        ],
        "hip hop": [
            0.21141915186211457,
            -0.3313722640278045
        ],
        "liquid funk": [
            0.10380828841180942,
            0.35315028804079673
        ],
        "indie rock": [
            -0.022729274062089876,
            0.010187058334750558
        ],
        "neo soul": [
            0.014726482437086404,
            -0.037902727093427034
        ],
        "chicago hip hop": [
            0.043343101469262166,
            -0.07745761731566704
        ]
    },
    "genres": [
        "trap",
        "hip hop",
        "pop rap",
        "drum and bass",
        "alternative rock",
        "contemporary r&b",
        "conscious hip hop",
        "alternative hip hop",
        "abstract hip hop",
        "electronic",
        "pop",
        "boom bap",
        "experimental hip hop",
        "gangsta rap",
        "cloud rap",
        "jazz rap",
        "liquid funk",
        "east coast hip hop",
        "pop punk",
        "soul",
        "jungle",
        "rage",
        "plugg",
        "southern hip hop",
        "metalcore",
        "underground trap",
        "dance pop",
        "chicago hip hop",
        "post hardcore",
        "indie rock",
        "indie pop",
        "punk rap",
        "west coast hip hop",
        "electro pop",
        "alternative r&b",
        "pop rock",
        "neo soul",
        "art pop",
        "synth pop",
        "hard rock",
        "hardcore hip hop",
        "punk rock",
        "post rock",
        "math rock",
        "trip hop",
        "industrial hip hop",
        "art rock",
        "nu disco",
        "melodic hip hop",
        "jazz fusion"
    ]
}