{
    "variables": [
        "shuffle",
        "skipped",
        "offline",
        "reason_start",
        "reason_end",
        "username"
    ],
    "matrix": [
        [
            1,
            0.10855563524767674,
            0.012339484056034876,
            0.3186151561332286,
            0.3094797330079165,
            0.33392077437835493
        ],
        [
            0.10855563524767674,
            1.0,
            0.010653358604623289,
            0.6382332558415319,
            1.0,
            0.4411392100225717
        ],
        [
            0.012339484056034876,
            0.010653358604623289,
            1.0,
            0.02938952723775619,
            0.026915685658537036,
            0.05937440722488745
        ],
        [
            0.3186151561332286,
            0.6382332558415319,
            0.02938952723775619,
            1.0,
            0.3141564864546961,
            0.2871028089974412
        ],
        [
            0.3094797330079165,
            1.0,
            0.026915685658537036,
            0.3141564864546961,
            1.0,
            0.29777774693725306
        ],
        [
            0.33392077437835493,
            0.4411392100225717,
            0.05937440722488745,
            0.2871028089974412,
            0.29777774693725306,
            1.0
        ]
    ],
    "pairs": {
        "skipped|reason_start": {
            "v": 0.6382332558415319,
            "n_cats_x": 2,
            "chi2": 28054.43679530933,
            "df": 10,
            "p_value": 0,
            "n_cats_y": 11
        },
        "shuffle|reason_start": {
            "v": 0.3186151561332286,
            "n_cats_x": 2,
            "chi2": 6991.583623460436,
            "df": 10,
            "p_value": 0,
            "n_cats_y": 11
        },
        "shuffle|username": {
            "v": 0.33392077437835493,
            "n_cats_x": 2,
            "chi2": 7679.44037104351,
            "df": 3,
            "p_value": 0,
            "n_cats_y": 4
        },
        "offline|reason_end": {
            "v": 0.026915685658537036,
            "n_cats_x": 2,
            "chi2": 49.89460514916111,
            "df": 9,
            "p_value": 1.127524564594715e-7,
            "n_cats_y": 10
        },
        "shuffle|reason_end": {
            "v": 0.3094797330079165,
            "n_cats_x": 2,
            "chi2": 6596.402108584677,
            "df": 9,
            "p_value": 0,
            "n_cats_y": 10
        },
        "offline|username": {
            "v": 0.05937440722488745,
            "n_cats_x": 2,
            "chi2": 242.79585510830367,
            "df": 3,
            "p_value": 2.3653120567298068e-52,
            "n_cats_y": 4
        },
        "skipped|reason_end": {
            "v": 1,
            "n_cats_x": 2,
            "chi2": 68872,
            "df": 9,
            "p_value": 0,
            "n_cats_y": 10
        },
        "skipped|offline": {
            "v": 0.010653358604623289,
            "n_cats_x": 2,
            "chi2": 7.8165621812068595,
            "df": 1,
            "p_value": 0.00517695786876287,
            "n_cats_y": 2
        },
        "offline|reason_start": {
            "v": 0.02938952723775619,
            "n_cats_x": 2,
            "chi2": 59.487798205016965,
            "df": 10,
            "p_value": 4.5298580907189485e-9,
            "n_cats_y": 11
        },
        "reason_end|username": {
            "v": 0.29777774693725306,
            "n_cats_x": 10,
            "chi2": 18320.968530959257,
            "df": 27,
            "p_value": 0,
            "n_cats_y": 4
        },
        "reason_start|reason_end": {
            "v": 0.3141564864546961,
            "n_cats_x": 11,
            "chi2": 61175.463215273805,
            "df": 90,
            "p_value": 0,
            "n_cats_y": 10
        },
        "reason_start|username": {
            "v": 0.2871028089974412,
            "n_cats_x": 11,
            "chi2": 17030.948386577045,
            "df": 30,
            "p_value": 0,
            "n_cats_y": 4
        },
        "shuffle|offline": {
            "v": 0.012339484056034876,
            "n_cats_x": 2,
            "chi2": 10.486648160124137,
            "df": 1,
            "p_value": 0.001202403079386524,
            "n_cats_y": 2
        },
        "skipped|username": {
            "v": 0.4411392100225717,
            "n_cats_x": 2,
            "chi2": 13402.753093999092,
            "df": 3,
            "p_value": 0,
            "n_cats_y": 4
        },
        "shuffle|skipped": {
            "v": 0.10855563524767674,
            "n_cats_x": 2,
            "chi2": 811.6100964170024,
            "df": 1,
            "p_value": 1.6137628427631296e-178,
            "n_cats_y": 2
        }
    },
    "n": 68872
}