{
    "Anthony": {
        "repeat_rate": 0.7439077776156428,
        "new_rate": 0.2560922223843572,
        "total_plays": 13706,
        "new_plays": 3510,
        "repeat_plays": 10196
    },
    "Alexandra": {
        "repeat_rate": 0.7547061524334252,
        "new_rate": 0.24529384756657485,
        "total_plays": 8712,
        "new_plays": 2137,
        "repeat_plays": 6575
    },
    "Koren": {
        "repeat_rate": 0.782051282051282,
        "new_rate": 0.21794871794871795,
        "total_plays": 17160,
        "new_plays": 3740,
        "repeat_plays": 13420
    },
    "Alan": {
        "repeat_rate": 0.8903052552858794,
        "new_rate": 0.1096947447141206,
        "total_plays": 29418,
        "new_plays": 3227,
        "repeat_plays": 26191
    }
}