{
    "Anthony": {
        "overall_surprise_rate": 0.0997591768225936,
        "surprise_rate": [
            0.030015797788309637,
            0.1520081342145399,
            0.10884353741496598,
            0.14845814977973568,
            0.1386687797147385,
            0.06960556844547564,
            0.09742120343839542,
            0.05115712545676005,
            0.008,
            0.02962962962962963,
            0.16864608076009502,
            0.008869179600886918
        ],
        "plays_per_month": [
            1899,
            1967,
            1617,
            2270,
            1262,
            1293,
            1047,
            821,
            250,
            405,
            421,
            451
        ],
        "surprising_per_month": [
            57,
            299,
            176,
            337,
            175,
            90,
            102,
            42,
            2,
            12,
            71,
            4
        ],
        "month_labels": [
            "Jan",
            "Feb",
            "Mar",
            "Apr",
            "May",
            "Jun",
            "Jul",
            "Aug",
            "Sep",
            "Oct",
            "Nov",
            "Dec"
        ]
    },
    "Alexandra": {
        "overall_surprise_rate": 0.2966364366892435,
        "surprise_rate": [
            0.28827877507919747,
            0.3229665071770335,
            0.2888318356867779,
            0.3231552162849873,
            0.27589641434262946,
            0.2916666666666667,
            0.2607843137254902,
            0.332220367278798,
            0.30449251247920134,
            0.3020527859237537,
            0.2888086642599278,
            0.2800632911392405
        ],
        "plays_per_month": [
            947,
            836,
            779,
            786,
            1004,
            504,
            510,
            599,
            601,
            682,
            831,
            632
        ],
        "surprising_per_month": [
            273,
            270,
            225,
            254,
            277,
            147,
            133,
            199,
            183,
            206,
            240,
            177
        ],
        "month_labels": [
            "Jan",
            "Feb",
            "Mar",
            "Apr",
            "May",
            "Jun",
            "Jul",
            "Aug",
            "Sep",
            "Oct",
            "Nov",
            "Dec"
        ]
    },
    "Koren": {
        "overall_surprise_rate": 0.39164963503649636,
        "surprise_rate": [
            0.37550744248985113,
            0.5051117001135933,
            0.2995811776299581,
            0.10562347188264058,
            0.39794419970631423,
            0.6070175438596491,
            0.5546786922209695,
            0.376844494892168,
            0.3236994219653179,
            0.6560232220609579,
            0.5237020316027088,
            0.4900117508813161
        ],
        "plays_per_month": [
            1478,
            2641,
            4059,
            2045,
            681,
            570,
            887,
            881,
            1211,
            1378,
            443,
            851
        ],
        "surprising_per_month": [
            555,
            1334,
            1216,
            216,
            271,
            346,
            492,
            332,
            392,
            904,
            232,
            417
        ],
        "month_labels": [
            "Jan",
            "Feb",
            "Mar",
            "Apr",
            "May",
            "Jun",
            "Jul",
            "Aug",
            "Sep",
            "Oct",
            "Nov",
            "Dec"
        ]
    },
    "Alan": {
        "overall_surprise_rate": 0.5223116812227074,
        "surprise_rate": [
            0.5515394912985274,
            0.562341611758743,
            0.502820874471086,
            0.44474885844748857,
            0.5278745644599303,
            0.5704697986577181,
            0.6076223473365093,
            0.4978723404255319,
            0.46178756476683935,
            0.5896640826873385,
            0.47334159950402976,
            0.47728547392035897
        ],
        "plays_per_month": [
            2241,
            3946,
            4254,
            1095,
            1148,
            1937,
            2309,
            2350,
            3088,
            1935,
            3226,
            1783
        ],
        "surprising_per_month": [
            1236,
            2219,
            2139,
            487,
            606,
            1105,
            1403,
            1170,
            1426,
            1141,
            1527,
            851
        ],
        "month_labels": [
            "Jan",
            "Feb",
            "Mar",
            "Apr",
            "May",
            "Jun",
            "Jul",
            "Aug",
            "Sep",
            "Oct",
            "Nov",
            "Dec"
        ]
    }
}