{
  "pooled": {
    "matrix": [
      [
        1, -0.005331537955231788, 0.0020982227312495772, 0.021069168961164484,
        0.1630970731081892, -0.11775985813590678, -0.00463139947826782,
        0.04574590997715694
      ],
      [
        -0.005331537955231788, 1.0, -0.02172204605999333, 0.002684611255119403,
        0.017833888328714805, 0.032595891921507865, 0.018015232170493882,
        0.0008455074459893529
      ],
      [
        0.0020982227312495772, -0.02172204605999333, 1.0, -0.010259789277682424,
        -0.02187509835165257, -0.030290411154047753, -0.007379745844513537,
        -0.0020300571406830863
      ],
      [
        0.021069168961164484, 0.002684611255119403, -0.010259789277682424, 1.0,
        -0.10208650649489001, -0.0005708450647698842, 0.0850840256833438,
        -0.00091181739461251
      ],
      [
        0.1630970731081892, 0.017833888328714805, -0.02187509835165257,
        -0.10208650649489001, 1.0, 0.6068464979084994, 0.0029240071247054788,
        -0.12422117418640574
      ],
      [
        -0.11775985813590678, 0.032595891921507865, -0.030290411154047753,
        -0.0005708450647698842, 0.6068464979084994, 1.0, -0.03176470152967561,
        -0.03990346035651512
      ],
      [
        -0.00463139947826782, 0.018015232170493882, -0.007379745844513537,
        0.0850840256833438, 0.0029240071247054788, -0.03176470152967561, 1.0,
        0.009565610931224905
      ],
      [
        0.04574590997715694, 0.0008455074459893529, -0.0020300571406830863,
        -0.00091181739461251, -0.12422117418640574, -0.03990346035651512,
        0.009565610931224905, 1.0
      ]
    ],
    "n": 842892
  },
  "variables": [
    "ms_played",
    "hour",
    "dow",
    "month",
    "year",
    "skip",
    "shuffle",
    "offline"
  ],
  "Anthony": {
    "matrix": [
      [
        1, -0.02922882573533638, 0.05826688878290038, 0.10733077075196348,
        0.27819688289488553, -0.3378221790803307, -0.0801714024533223,
        0.02260381425576633
      ],
      [
        -0.02922882573533638, 1.0, -0.053759993587469586, -0.004079306801177501,
        -0.025467348166202542, 0.04547239093289899, 0.012391300423007845,
        0.014064826554714444
      ],
      [
        0.05826688878290038, -0.053759993587469586, 1.0, 0.026877681955899256,
        -0.022970595020364058, -0.09393517325407487, -0.0714288658126706,
        -0.031373002772884934
      ],
      [
        0.10733077075196348, -0.004079306801177501, 0.026877681955899256, 1.0,
        -0.14261489433357405, -0.023245830798694852, -0.08465962708120067,
        -0.0019443040320756345
      ],
      [
        0.27819688289488553, -0.025467348166202542, -0.022970595020364058,
        -0.14261489433357405, 1.0, 0.3701064720095567, 0.2661067883857387,
        -0.017690910440177076
      ],
      [
        -0.3378221790803307, 0.04547239093289899, -0.09393517325407487,
        -0.023245830798694852, 0.3701064720095567, 1.0, 0.2818255885617976,
        -0.03506975465482859
      ],
      [
        -0.0801714024533223, 0.012391300423007845, -0.0714288658126706,
        -0.08465962708120067, 0.2661067883857387, 0.2818255885617976, 1.0,
        0.02332655373703302
      ],
      [
        0.02260381425576633, 0.014064826554714444, -0.031373002772884934,
        -0.0019443040320756345, -0.017690910440177076, -0.03506975465482859,
        0.02332655373703302, 1.0
      ]
    ],
    "n": 72428
  },
  "Alexandra": {
    "matrix": [
      [
        1, -0.02292665330929023, 0.007612749768092058, 0.010891508740423779,
        0.0514838362206709, -0.33918801398854354, -0.01039489019265249,
        0.004549003414626845
      ],
      [
        -0.02292665330929023, 1.0, -0.05051728349226534, -0.028377485434519296,
        -0.009798825348595415, 0.018100172289123747, 0.02286676366870205,
        -0.014116012300666687
      ],
      [
        0.007612749768092058, -0.05051728349226534, 1.0, 0.016355502248007293,
        0.013176348277519867, -0.007906658174111555, 0.014370642994277174,
        -0.005532226028148729
      ],
      [
        0.010891508740423779, -0.028377485434519296, 0.016355502248007293, 1.0,
        -0.05777772778966769, 0.03252482364469932, 0.01906485421437753,
        -0.01841996708513724
      ],
      [
        0.0514838362206709, -0.009798825348595415, 0.013176348277519867,
        -0.05777772778966769, 1.0, 0.2915008698671835, 0.09820393569582636,
        -0.3005087908786087
      ],
      [
        -0.33918801398854354, 0.018100172289123747, -0.007906658174111555,
        0.03252482364469932, 0.2915008698671835, 1.0, -0.03847464896150073,
        -0.08238872450856276
      ],
      [
        -0.01039489019265249, 0.02286676366870205, 0.014370642994277174,
        0.01906485421437753, 0.09820393569582636, -0.03847464896150073, 1.0,
        -0.1790828889687333
      ],
      [
        0.004549003414626845, -0.014116012300666687, -0.005532226028148729,
        -0.01841996708513724, -0.3005087908786087, -0.08238872450856276,
        -0.1790828889687333, 1.0
      ]
    ],
    "n": 139509
  },
  "Koren": {
    "matrix": [
      [
        1, -0.021226567893535192, 0.019439495793339704, -0.04552659241364916,
        0.13217366197730107, -0.2414057602934078, 0.036149900008695605,
        -0.005009781455652795
      ],
      [
        -0.021226567893535192, 1.0, -0.010355534422256778, 0.03270386598480878,
        0.0025882672239992363, 0.05124146267724371, 0.06086718186154199,
        0.01680635638723444
      ],
      [
        0.019439495793339704, -0.010355534422256778, 1.0,
        -0.0077876982804731395, -0.04944275065446883, -0.04809818845744311,
        0.0033579191928571946, 0.010990380789486687
      ],
      [
        -0.04552659241364916, 0.03270386598480878, -0.0077876982804731395, 1.0,
        -0.20297163906549645, -0.03410788574971268, -0.02671356082968349,
        0.0022463461773666216
      ],
      [
        0.13217366197730107, 0.0025882672239992363, -0.04944275065446883,
        -0.20297163906549645, 1.0, 0.6002769728194475, 0.18117488966265272,
        -0.004215410268662541
      ],
      [
        -0.2414057602934078, 0.05124146267724371, -0.04809818845744311,
        -0.03410788574971268, 0.6002769728194475, 1.0, 0.057981841046950776,
        0.02655321494703691
      ],
      [
        0.036149900008695605, 0.06086718186154199, 0.0033579191928571946,
        -0.02671356082968349, 0.18117488966265272, 0.057981841046950776, 1.0,
        0.004485807598127205
      ],
      [
        -0.005009781455652795, 0.01680635638723444, 0.010990380789486687,
        0.0022463461773666216, -0.004215410268662541, 0.02655321494703691,
        0.004485807598127205, 1.0
      ]
    ],
    "n": 181756
  },