{
  "Anthony": {
    "shuffle_on": {
      "total": 39011,
      "skip_rate": 0.4643305734280075,
      "completed": 20897,
      "skipped": 18114
    },
    "shuffle_off": {
      "total": 33472,
      "skip_rate": 0.19738886233269598,
      "completed": 26865,
      "skipped": 6607
    }
  },
  "Alexandra": {
    "shuffle_on": {
      "total": 130180,
      "skip_rate": 0.11415732063296974,
      "completed": 115319,
      "skipped": 14861
    },
    "shuffle_off": {
      "total": 9361,
      "skip_rate": 0.16365772887512017,
      "completed": 7829,
      "skipped": 1532
    }
  },
  "Koren": {
    "shuffle_on": {
      "total": 118423,
      "skip_rate": 0.29419960649535987,
      "completed": 83583,
      "skipped": 34840
    },
    "shuffle_off": {
      "total": 63435,
      "skip_rate": 0.2399621659966895,
      "completed": 48213,
      "skipped": 15222
    }
  },
  "Alan": {
    "shuffle_on": {
      "total": 285109,
      "skip_rate": 0.23852281057420144,
      "completed": 217104,
      "skipped": 68005
    },
    "shuffle_off": {
      "total": 165174,
      "skip_rate": 0.29652366595226853,
      "completed": 116196,
      "skipped": 48978
    }
  }
}
