{
    "Anthony": {
        "shuffle_on": {
            "total": 39002,
            "skip_rate": 0.4643864417209374,
            "completed": 20890,
            "skipped": 18112
        },
        "shuffle_off": {
            "total": 33457,
            "skip_rate": 0.1973578025525301,
            "completed": 26854,
            "skipped": 6603
        }
    },
    "Alexandra": {
        "shuffle_on": {
            "total": 130145,
            "skip_rate": 0.11417265357870068,
            "completed": 115286,
            "skipped": 14859
        },
        "shuffle_off": {
            "total": 9351,
            "skip_rate": 0.16319110255587638,
            "completed": 7825,
            "skipped": 1526
        }
    },
    "Koren": {
        "shuffle_on": {
            "total": 118156,
            "skip_rate": 0.29419580893056635,
            "completed": 83395,
            "skipped": 34761
        },
        "shuffle_off": {
            "total": 63217,
            "skip_rate": 0.23972981951057468,
            "completed": 48062,
            "skipped": 15155
        }
    },
    "Alan": {
        "shuffle_on": {
            "total": 284729,
            "skip_rate": 0.23865148966209976,
            "completed": 216778,
            "skipped": 67951
        },
        "shuffle_off": {
            "total": 164442,
            "skip_rate": 0.2968949538439085,
            "completed": 115620,
            "skipped": 48822
        }
    }
}