{
    "Anthony": {
        "shuffle_on": {
            "total": 8433,
            "skip_rate": 0.3888295980078264,
            "completed": 5154,
            "skipped": 3279
        },
        "shuffle_off": {
            "total": 5270,
            "skip_rate": 0.20721062618595826,
            "completed": 4178,
            "skipped": 1092
        }
    },
    "Alexandra": {
        "shuffle_on": {
            "total": 8343,
            "skip_rate": 0.26033800791082345,
            "completed": 6171,
            "skipped": 2172
        },
        "shuffle_off": {
            "total": 368,
            "skip_rate": 0.33695652173913043,
            "completed": 244,
            "skipped": 124
        }
    },
    "Koren": {
        "shuffle_on": {
            "total": 13118,
            "skip_rate": 0.47880774508309193,
            "completed": 6837,
            "skipped": 6281
        },
        "shuffle_off": {
            "total": 4007,
            "skip_rate": 0.7891190416770651,
            "completed": 845,
            "skipped": 3162
        }
    },
    "Alan": {
        "shuffle_on": {
            "total": 14565,
            "skip_rate": 0.8308959835221421,
            "completed": 2463,
            "skipped": 12102
        },
        "shuffle_off": {
            "total": 14747,
            "skip_rate": 0.7750728961822744,
            "completed": 3317,
            "skipped": 11430
        }
    }
}