{
    "Anthony": {
        "naive_bayes": {
            "mu_skipped": {
                "log_artist_plays": 0.699176926566676,
                "log_track_plays": 0.5825048836575885,
                "month": 5.871535504754198,
                "hour": 14.157900060691887,
                "dow": 3.083906534493223,
                "session_momentum": 0.8085929597410481,
                "reason_start": 1.7641108638478658,
                "genre_match": 0.5693800721466492,
                "shuffle": 0.735484523568683
            },
            "auc_roc": 0.9215784839833042,
            "improvement": 0.23144274205690984,
            "mu_not_skipped": {
                "log_artist_plays": 0.6960773421031125,
                "log_track_plays": 0.572233038478402,
                "month": 5.9318497185495485,
                "hour": 12.621599685822751,
                "dow": 2.947322948029847,
                "session_momentum": 0.0863900161452197,
                "reason_start": 1.1982720251341799,
                "genre_match": 0.5796850151073005,
                "shuffle": 0.43694200811624556
            },
            "accuracy": 0.8903532983715153,
            "delta": {
                "log_artist_plays": 0.0030995844635635095,
                "log_track_plays": 0.010271845179186445,
                "month": -0.06031421379535029,
                "hour": 1.5363003748691355,
                "dow": 0.13658358646337598,
                "session_momentum": 0.7222029435958284,
                "reason_start": 0.5658388387136859,
                "genre_match": -0.01030494296065132,
                "shuffle": 0.29854251545243743
            }
        },
        "skip_rate": 0.3410894436853945,
        "decision_tree": {
            "top_feature": "session_momentum",
            "auc_roc": 0.9218670177970969,
            "improvement": 0.23848110805194156,
            "accuracy": 0.897391664366547,
            "feature_importances": {
                "log_artist_plays": 0.002304719845431946,
                "log_track_plays": 0.00125586530499584,
                "month": 0.0019873033397736608,
                "hour": 0.0012420645873585379,
                "dow": 0.0006486337289539179,
                "session_momentum": 0.330071763731714,
                "reason_start": 0.015857024565277378,
                "genre_match": 0.0012696660226331868,
                "shuffle": 0.0015318796577421744
            }
        },
        "baseline": 0.6589105563146055,
        "n": 72459
    },
    "Alexandra": {
        "naive_bayes": {
            "mu_skipped": {
                "log_artist_plays": 0.6924154730105698,
                "log_track_plays": 0.6829193941300861,
                "month": 6.849938968568813,
                "hour": 12.421574610924626,
                "dow": 3.0234971010070186,
                "session_momentum": 0.5196572067948326,
                "reason_start": 1.3848031736344217,
                "genre_match": 0.3862372120936728,
                "shuffle": 0.9085291425083918
            },
            "auc_roc": 0.8395537289146147,
            "improvement": 0.008565773263807919,
            "mu_not_skipped": {
                "log_artist_plays": 0.7422621961104297,
                "log_track_plays": 0.7452195635018297,
                "month": 6.475941475697794,
                "hour": 11.884240879692149,
                "dow": 3.0600676217648672,
                "session_momentum": 0.059651331620790136,
                "reason_start": 1.0001624546903716,
                "genre_match": 0.4036945579171764,
                "shuffle": 0.9362669942836256
            },
            "accuracy": 0.8911072081436611,
            "delta": {
                "log_artist_plays": -0.049846723099859824,
                "log_track_plays": -0.06230016937174365,
                "month": 0.3739974928710188,
                "hour": 0.5373337312324775,
                "dow": -0.03657052075784861,
                "session_momentum": 0.4600058751740425,
                "reason_start": 0.38464071894405016,
                "genre_match": -0.01745734582350361,
                "shuffle": -0.0277378517752338
            }
        },
        "skip_rate": 0.11745856512014681,
        "decision_tree": {
            "top_feature": "session_momentum",
            "auc_roc": 0.76915996414433,
            "improvement": 0.024552009329616764,
            "accuracy": 0.9070934442094699,
            "feature_importances": {
                "log_artist_plays": 0.001684648195275873,
                "log_track_plays": 0.003541345567941523,
                "month": 0.0005233162478942343,
                "hour": 0.0006595218466612041,
                "dow": 0.00012186816731785122,
                "session_momentum": 0.0658303164987993,
                "reason_start": 0.016889494247105664,
                "genre_match": 0.0020574214129539083,
                "shuffle": 0.00012903688304246596
            }
        },
        "baseline": 0.8825414348798531,
        "n": 139496
    },
    "Koren": {
        "naive_bayes": {
            "mu_skipped": {
                "log_artist_plays": 0.6343520514910712,
                "log_track_plays": 0.5440460965162371,
                "month": 6.479878796984949,
                "hour": 14.657526356647384,
                "dow": 3.1371296922344927,
                "session_momentum": 0.8498025859982138,
                "reason_start": 1.907620263942103,
                "genre_match": 0.3813648847200455,
                "shuffle": 0.696566749305086
            },
            "auc_roc": 0.9469714314418193,
            "improvement": 0.2086628128380179,
            "mu_not_skipped": {
                "log_artist_plays": 0.6614017248412853,
                "log_track_plays": 0.604313943992339,
                "month": 6.687579636004032,
                "hour": 13.992440522602362,
                "dow": 3.0803776886065837,
                "session_momentum": 0.0484075968785856,
                "reason_start": 1.7107715421333891,
                "genre_match": 0.4446866016380477,
                "shuffle": 0.6346347678907632
            },
            "accuracy": 0.9334509566080388,
            "delta": {
                "log_artist_plays": -0.027049673350214132,
                "log_track_plays": -0.06026784747610181,
                "month": -0.20770083901908265,
                "hour": 0.6650858340450228,
                "dow": 0.056752003627909,
                "session_momentum": 0.8013949891196281,
                "reason_start": 0.19684872180871382,
                "genre_match": -0.0633217169180022,
                "shuffle": 0.06193198141432277
            }
        },
        "skip_rate": 0.2752118562299791,
        "decision_tree": {
            "top_feature": "session_momentum",
            "auc_roc": 0.9394555888219196,
            "improvement": 0.2124396226742643,
            "accuracy": 0.9372277664442852,
            "feature_importances": {
                "log_artist_plays": 0.00041351932513646885,
                "log_track_plays": 0.0009428240613111649,
                "month": 0.0010972046093620901,
                "hour": 0.0003638970061200952,
                "dow": 0.00018746209406190762,
                "session_momentum": 0.3389038981088383,
                "reason_start": 0.005254452224733974,
                "genre_match": 0.003241991509069875,
                "shuffle": 0.00045762805315103795
            }
        },
        "baseline": 0.7247881437700209,
        "n": 181373
    },
    "Alan": {
        "naive_bayes": {
            "mu_skipped": {
                "log_artist_plays": 0.7147914334796054,
                "log_track_plays": 0.6652952405739299,
                "month": 6.47253206020253,
                "hour": 12.10382367423837,
                "dow": 3.0452268299471195,
                "session_momentum": 0.8906295717456307,
                "reason_start": 1.680190113254405,