{
  "Anthony": {
    "raw_counts": [
      [693, 19, 16, 6, 9, 6, 4, 11, 16, 6],
      [11, 303, 11, 13, 12, 7, 10, 12, 6, 3],
      [21, 9, 94, 14, 24, 9, 8, 20, 16, 2],
      [10, 6, 7, 223, 13, 8, 6, 7, 3, 2],
      [10, 16, 18, 9, 27, 21, 6, 11, 17, 3],
      [5, 11, 16, 5, 17, 50, 14, 5, 14, 5],
      [9, 10, 13, 6, 15, 8, 14, 12, 5, 3],
      [13, 5, 10, 4, 18, 8, 14, 52, 4, 2],
      [6, 3, 15, 6, 12, 7, 8, 10, 71, 4],
      [6, 8, 5, 6, 1, 6, 3, 1, 1, 172]
    ],
    "artists": [
      "Kanye West",
      "Playboi Carti",
      "Drake",
      "Young Thug",
      "Future",
      "Gunna",
      "Lil Baby",
      "Kendrick Lamar",
      "21 Savage",
      "Ken Carson"
    ],
    "row_normalised": [
      [
        0.8816793893129771, 0.024173027989821884, 0.020356234096692113,
        0.007633587786259542, 0.011450381679389313, 0.007633587786259542,
        0.005089058524173028, 0.013994910941475827, 0.020356234096692113,
        0.007633587786259542
      ],
      [
        0.028350515463917526, 0.7809278350515464, 0.028350515463917526,
        0.03350515463917526, 0.030927835051546393, 0.01804123711340206,
        0.02577319587628866, 0.030927835051546393, 0.015463917525773196,
        0.007731958762886598
      ],
      [
        0.0967741935483871, 0.041474654377880185, 0.43317972350230416,
        0.06451612903225806, 0.11059907834101383, 0.041474654377880185,
        0.03686635944700461, 0.09216589861751152, 0.07373271889400922,
        0.009216589861751152
      ],
      [
        0.03508771929824561, 0.021052631578947368, 0.02456140350877193,
        0.7824561403508772, 0.0456140350877193, 0.028070175438596492,
        0.021052631578947368, 0.02456140350877193, 0.010526315789473684,
        0.007017543859649123
      ],
      [
        0.07246376811594203, 0.11594202898550725, 0.13043478260869565,
        0.06521739130434782, 0.1956521739130435, 0.15217391304347827,
        0.043478260869565216, 0.07971014492753623, 0.12318840579710146,
        0.021739130434782608
      ],
      [
        0.035211267605633804, 0.07746478873239436, 0.11267605633802817,
        0.035211267605633804, 0.11971830985915492, 0.352112676056338,
        0.09859154929577464, 0.035211267605633804, 0.09859154929577464,
        0.035211267605633804
      ],
      [
        0.09473684210526316, 0.10526315789473684, 0.1368421052631579,
        0.06315789473684211, 0.15789473684210525, 0.08421052631578947,
        0.14736842105263157, 0.12631578947368421, 0.05263157894736842,
        0.031578947368421054
      ],
      [
        0.1, 0.038461538461538464, 0.07692307692307693, 0.03076923076923077,
        0.13846153846153847, 0.06153846153846154, 0.1076923076923077, 0.4,
        0.03076923076923077, 0.015384615384615385
      ],
      [
        0.04225352112676056, 0.02112676056338028, 0.1056338028169014,
        0.04225352112676056, 0.08450704225352113, 0.04929577464788732,
        0.056338028169014086, 0.07042253521126761, 0.5, 0.028169014084507043
      ],
      [
        0.028708133971291867, 0.03827751196172249, 0.023923444976076555,
        0.028708133971291867, 0.004784688995215311, 0.028708133971291867,
        0.014354066985645933, 0.004784688995215311, 0.004784688995215311,
        0.8229665071770335
      ]
    ]
  },
  "Alexandra": {
    "raw_counts": [
      [40, 19, 18, 12, 19, 10, 9, 9, 7, 16],
      [17, 43, 16, 11, 15, 11, 17, 7, 7, 5],
      [29, 13, 36, 13, 6, 8, 7, 5, 6, 5],
      [13, 12, 11, 48, 6, 9, 6, 9, 5, 6],
      [30, 20, 16, 8, 18, 9, 6, 6, 2, 3],
      [10, 8, 11, 6, 13, 11, 4, 2, 2, 4],
      [12, 12, 7, 3, 3, 8, 25, 2, 4, 1],
      [13, 8, 13, 1, 1, 7, 6, 17, 6, 3],
      [5, 8, 9, 2, 4, 6, 6, 5, 16, 1],
      [10, 9, 13, 3, 2, 1, 3, 1, 5, 5]
    ],
    "artists": [
      "Beartooth",
      "Neck Deep",
      "State Champs",
      "Wage War",
      "Bring Me The Horizon",
      "Ashnikko",
      "I Prevail",
      "Panic! At The Disco",
      "WSTR",
      "mgk"
    ],
    "row_normalised": [
      [
        0.25157232704402516, 0.11949685534591195, 0.11320754716981132,
        0.07547169811320754, 0.11949685534591195, 0.06289308176100629,
        0.05660377358490566, 0.05660377358490566, 0.0440251572327044,
        0.10062893081761007
      ],
      [
        0.11409395973154363, 0.28859060402684567, 0.10738255033557047,
        0.0738255033557047, 0.10067114093959731, 0.0738255033557047,
        0.11409395973154363, 0.04697986577181208, 0.04697986577181208,
        0.03355704697986577
      ],
      [
        0.2265625, 0.1015625, 0.28125, 0.1015625, 0.046875, 0.0625, 0.0546875,
        0.0390625, 0.046875, 0.0390625
      ],
      [0.104, 0.096, 0.088, 0.384, 0.048, 0.072, 0.048, 0.072, 0.04, 0.048],
      [
        0.2542372881355932, 0.1694915254237288, 0.13559322033898305,
        0.06779661016949153, 0.15254237288135594, 0.07627118644067797,
        0.05084745762711865, 0.05084745762711865, 0.01694915254237288,
        0.025423728813559324
      ],
      [
        0.14084507042253522, 0.11267605633802817, 0.15492957746478872,
        0.08450704225352113, 0.18309859154929578, 0.15492957746478872,
        0.056338028169014086, 0.028169014084507043, 0.028169014084507043,
        0.056338028169014086
      ],
      [
        0.15584415584415584, 0.15584415584415584, 0.09090909090909091,
        0.03896103896103896, 0.03896103896103896, 0.1038961038961039,
        0.3246753246753247, 0.025974025974025976, 0.05194805194805195,
        0.012987012987012988
      ],
      [
        0.17333333333333334, 0.10666666666666667, 0.17333333333333334,
        0.013333333333333334, 0.013333333333333334, 0.09333333333333334, 0.08,
        0.22666666666666666, 0.08, 0.04
      ],
      [
        0.08064516129032258, 0.12903225806451613, 0.14516129032258066,
        0.03225806451612903, 0.06451612903225806, 0.0967741935483871,
        0.0967741935483871, 0.08064516129032258, 0.25806451612903225,
        0.016129032258064516
      ],
      [
        0.19230769230769232, 0.17307692307692307, 0.25, 0.057692307692307696,
        0.038461538461538464, 0.019230769230769232, 0.057692307692307696,
        0.019230769230769232, 0.09615384615384616, 0.09615384615384616
      ]
    ]
  },
  "Koren": {
    "raw_counts": [
      [841, 1, 0, 4, 3, 4, 0, 2, 0, 2],
      [1, 106, 0, 11, 8, 1, 0, 13, 0, 1],
      [2, 0, 144, 0, 0, 9, 0, 0, 6, 0],
      [5, 15, 0, 15, 16, 0, 0, 11, 0, 0],
      [0, 18, 0, 12, 47, 0, 1, 11, 0, 0],
      [2, 2, 6, 0, 0, 49, 0, 0, 6, 0],
      [0, 0, 0, 0, 1, 0, 20, 0, 0, 0],
      [2, 10, 0, 14, 10, 2, 0, 6, 0, 0],
      [2, 1, 8, 0, 0, 16, 0, 0, 39, 1],
      [6, 1, 0, 0, 0, 1, 0, 0, 0, 85]
    ],
    "artists": [
      "Playboi Carti",
      "Mint",
      "Che",
      "LTJ Bukem",
      "Roni Size",
      "tenkay",
      "toe",
      "Nookie",
      "OsamaSon",
      "Lil Uzi Vert"
    ],