{"dasucc":{"genres":["trap","hip hop","pop rap","contemporary r&b","pop","abstract hip hop","electronic","chicago hip hop","soul","gangsta rap"],"matrix":[[0.28651311930551754,0.18789348140617057,0.15019747389825205,0.0776209283228405,0.032964454698314626,0.019786493567434404,0.015172251984514919,0.01337347984202088,0.011848433895123764,0.04735463183826692],[0.20971934616909724,0.20152443054148125,0.14742036392474778,0.06859937436665639,0.061417808520949906,0.049213552451865886,0.0438824514252985,0.04322157113274882,0.041943869233819445,0.03423359915407322],[0.19923132855510542,0.1752363145320453,0.1671860392645684,0.05510543263737405,0.06154565285135556,0.05354731484366885,0.047366780928638205,0.047366780928638205,0.04591253765451335,0.0371870780097642],[0.24704085528827796,0.19562173857706502,0.13567519409443807,0.13592974417716686,0.053455517373043146,0.020618556701030927,0.018200330915107546,0.016545755377370498,0.016927580501463663,0.03640066183021509],[0.10073915116833572,0.1709585121602289,0.14079637577491655,0.05102527420123987,0.11123032904148784,0.09060562708631378,0.08965188364329996,0.08929422985216977,0.08834048640915594,0.016690510252742013],[0.0742085390647691,0.16511762997386,0.1495788556491432,0.024252105721754284,0.10964275341272146,0.1139994191112402,0.10397908800464711,0.1051408655242521,0.10354342143479524,0.012198663955852455],[0.06015156299336912,0.1577202399747395,0.14240606251973476,0.022734449005367856,0.11588253868013894,0.11288285443637512,0.11919797916008841,0.11209346384591096,0.11067256078307547,0.01152510262077676],[0.05513338722716249,0.16038803556992726,0.14405820533548908,0.02198868229587712,0.11899757477768795,0.11560226354082458,0.1143088116410671,0.11479385610347616,0.11366208569118835,0.010832659660468875],[0.05143896791266953,0.15977505788951374,0.1437313926563017,0.02216341382732385,0.12057558716506782,0.1172676149520344,0.11544823023486603,0.1161098246774727,0.11495203440291102,0.00959311941779689],[0.28162236480293307,0.18950504124656278,0.15811182401466545,0.06691109074243813,0.029560036663611365,0.015582034830430797,0.01306141154903758,0.011457378551787351,0.011457378551787351,0.10174152153987168]],"counts":[[7327,4805,3841,1985,843,506,388,342,303,1211],[4760,4574,3346,1557,1394,1117,996,981,952,777],[3836,3374,3219,1061,1185,1031,912,912,884,716],[1941,1537,1066,1068,420,162,143,130,133,286],[845,1434,1181,428,933,760,752,749,741,140],[511,1137,1030,167,755,785,716,724,713,84],[381,999,902,144,734,715,755,710,701,73],[341,992,891,136,736,715,707,710,703,67],[311,966,869,134,729,709,698,702,695,58],[1229,827,690,292,129,68,57,50,50,444]]},"alexxxxxrs":{"genres":["pop punk","metalcore","alternative rock","post hardcore","punk rock","pop rock","hard rock","alternative metal","electro pop","hip hop"],"matrix":[[0.16835481890730508,0.12645794966236956,0.133670963781461,0.11233885819521179,0.07059545733578883,0.06829343155310007,0.05632289748311848,0.049723756906077346,0.03621853898096992,0.030693677102516883],[0.13386990801576873,0.16146517739816033,0.13370565045992117,0.13633377135348226,0.06438896189224705,0.06093955321944809,0.05847568988173456,0.049113009198423124,0.02940210249671485,0.02940210249671485],[0.15649589089001573,0.1423325756251093,0.15072565133764645,0.12554642420003498,0.06801888442035321,0.06399720230809582,0.05245672320335723,0.04878475257912222,0.03147403392201434,0.02500437139360028],[0.136679827035157,0.15322429028012785,0.13818386914833616,0.14119195337469448,0.0676818950930626,0.061101710847903744,0.05884564767813499,0.04756533182929122,0.028952810678699002,0.026132731716488063],[0.16129032258064516,0.12533602150537634,0.1303763440860215,0.10853494623655914,0.08266129032258064,0.06888440860215053,0.04838709677419355,0.0480510752688172,0.03662634408602151,0.03393817204301075],[0.14952945277100035,0.1317532241199024,0.12269083304287208,0.11537120948065528,0.07668177065179504,0.08191007319623562,0.050888811432554894,0.04949459742070408,0.03729522481700941,0.02614151272220286],[0.15204918032786885,0.1483606557377049,0.12950819672131147,0.11926229508196722,0.06639344262295081,0.0569672131147541,0.09221311475409837,0.04590163934426229,0.02418032786885246,0.028278688524590163],[0.15755025712949977,0.1388499298737728,0.12669471715755026,0.12108461898083217,0.06825619448340346,0.06685366993922394,0.06030855539971949,0.06124357176250585,0.031790556334735855,0.02851799906498364],[0.13942307692307693,0.12774725274725274,0.12293956043956043,0.1043956043956044,0.061813186813186816,0.07967032967032966,0.050824175824175824,0.057692307692307696,0.05357142857142857,0.03777472527472527],[0.13860716700473294,0.11832319134550372,0.10818120351588911,0.0973630831643002,0.05949966193373901,0.060851926977687626,0.0486815415821501,0.05476673427991886,0.0290736984448952,0.06964164976335362]],"counts":[[1097,824,871,732,460,445,367,324,236,200],[815,983,814,830,392,371,356,299,179,179],[895,814,862,718,389,366,300,279,180,143],[727,815,735,751,360,325,313,253,154,139],[480,373,388,323,246,205,144,143,109,101],[429,378,352,331,220,235,146,142,107,75],[371,362,316,291,162,139,225,112,59,69],[337,297,271,259,146,143,129,131,68,61],[203,186,179,152,90,116,74,84,78,55],[205,175,160,144,88,90,72,81,43,103]]},"korenns":{"genres":["trap","drum and bass","liquid funk","jungle","underground trap","rage","plugg","hip hop","punk rap","cloud rap"],"matrix":[[0.2753990994678674,0.01440851412198117,0.009169054441260744,0.008186655751125664,0.10126893164142448,0.13254195661072452,0.12206303724928366,0.09079001227998362,0.08604175194433074,0.052148997134670486],[0.01670961842214648,0.39138748025604786,0.26003824091778205,0.24158284146645606,0.006068667387147726,0.007066256546678859,0.005569872807382159,0.013218056363787513,0.003990356638124532,0.0032421647684761825],[0.014622463128702887,0.39228539014244296,0.2648430606327997,0.2427833102231186,0.005420395814950208,0.006302785831337451,0.005042228665069961,0.011849237362914409,0.004159838648682718,0.0030253371990419764],[0.016157264036623133,0.3935640231587451,0.2612091019254073,0.2469368520263902,0.005520398545846236,0.006462905614649253,0.005116466944930658,0.011579372559579911,0.0043086037430995015,0.00242358960549347],[0.22672287390029325,0.012463343108504398,0.008064516129032258,0.006964809384164223,0.2402859237536657,0.06304985337243402,0.08614369501466276,0.07642961876832845,0.008797653958944282,0.1000733137829912],[0.2561544650040225,0.01255028157683025,0.008045052292839904,0.008527755430410297,0.05921158487530169,0.20514883346741755,0.16540627514078843,0.03636363636363636,0.15446500402252614,0.03266291230893001],[0.24189364461738003,0.00956549935149157,0.0066472114137483785,0.005674448767833982,0.07749675745784695,0.16715304798962385,0.19455252918287938,0.04701686121919585,0.13991569390402075,0.04815175097276265],[0.2757853079396488,0.03982191441998516,0.024981449418748455,0.021766015335147167,0.0927529062577294,0.05664110808805343,0.06727677467227307,0.2166707890180559,0.01978728666831561,0.05738313133811526],[0.25343953656770457,0.010620323437122858,0.006758387641805455,0.006758387641805455,0.012309920347574221,0.2293024378469708,0.20999275887038377,0.018102824040550327,0.22519913106444606,0.007965242577842143],[0.2010259698621353,0.013145238858608528,0.006732927220262905,0.007053542802180186,0.1840333440205194,0.0628406540557871,0.10580314203270279,0.08271882013465855,0.009618467457518435,0.15902532863097146]],"counts":[[3364,176,112,100,1237,1619,1491,1109,1051,637],[201,4708,3128,2906,73,85,67,159,48,39],[116,3112,2101,1926,43,50,40,94,33,24],[120,2923,1940,1834,41,48,38,86,32,18],[1237,68,44,38,1311,344,470,417,48,546],[1592,78,50,53,368,1275,1028,226,960,203],[1492,59,41,35,478,1031,1200,290,863,297],[1115,161,101,88,375,229,272,876,80,232],[1050,44,28,28,51,950,870,75,933,33],[627,41,21,22,574,196,330,258,30,496]]},