{
    "Anthony": {
        "offline_false": 13639,
        "offline_rate": 0.004670510107275779,
        "skipped_true": 4371,
        "total": 13703,
        "skip_rate": 0.31898124498285046,
        "shuffle_false": 5270,
        "shuffle_rate": 0.6154126833540101,
        "offline_true": 64,
        "shuffle_true": 8433,
        "skipped_false": 9332
    },
    "Alexandra": {
        "offline_false": 8591,
        "offline_rate": 0.013775685914361152,
        "skipped_true": 2296,
        "total": 8711,
        "skip_rate": 0.2635747904947767,
        "shuffle_false": 368,
        "shuffle_rate": 0.9577545631959591,
        "offline_true": 120,
        "shuffle_true": 8343,
        "skipped_false": 6415
    },
    "Koren": {
        "offline_false": 16988,
        "offline_rate": 0.008,
        "skipped_true": 9443,
        "total": 17125,
        "skip_rate": 0.5514160583941606,
        "shuffle_false": 4007,
        "shuffle_rate": 0.766014598540146,
        "offline_true": 137,
        "shuffle_true": 13118,
        "skipped_false": 7682
    },
    "Alan": {
        "offline_false": 29277,
        "offline_rate": 0.0011940502183406113,
        "skipped_true": 23532,
        "total": 29312,
        "skip_rate": 0.802811135371179,
        "shuffle_false": 14747,
        "shuffle_rate": 0.4968954694323144,
        "offline_true": 35,
        "shuffle_true": 14565,
        "skipped_false": 5780
    }
}