{
    "Anthony": {
        "offline_false": 11697,
        "offline_rate": 8.54481756814492e-5,
        "skipped_true": 6510,
        "total": 11703,
        "skip_rate": 0.5562676236862343,
        "shuffle_false": 3710,
        "shuffle_rate": 0.6829872682218234,
        "offline_true": 1,
        "shuffle_true": 7993,
        "skipped_false": 5193
    },
    "Alexandra": {
        "offline_false": 12366,
        "offline_rate": 0,
        "skipped_true": 4587,
        "total": 12366,
        "skip_rate": 0.37093643862202813,
        "shuffle_false": 1300,
        "shuffle_rate": 0.8948730389778424,
        "offline_true": 0,
        "shuffle_true": 11066,
        "skipped_false": 7779
    },
    "Koren": {
        "offline_false": 14332,
        "offline_rate": 0.016874742763067635,
        "skipped_true": 8563,
        "total": 14578,
        "skip_rate": 0.5873919604884071,
        "shuffle_false": 3475,
        "shuffle_rate": 0.7616271093428454,
        "offline_true": 246,
        "shuffle_true": 11103,
        "skipped_false": 6015
    },
    "Alan": {
        "offline_false": 56789,
        "offline_rate": 0.001441859647271896,
        "skipped_true": 45872,
        "total": 56871,
        "skip_rate": 0.8065973870689807,
        "shuffle_false": 15407,
        "shuffle_rate": 0.7290886392009988,
        "offline_true": 82,
        "shuffle_true": 41464,
        "skipped_false": 10999
    }
}