{
    "Anthony": {
        "offline_false": 72127,
        "offline_rate": 0.004016064257028112,
        "skipped_true": 24715,
        "total": 72459,
        "skip_rate": 0.3410894436853945,
        "shuffle_false": 33457,
        "shuffle_rate": 0.538263017706565,
        "offline_true": 291,
        "shuffle_true": 39002,
        "skipped_false": 47744
    },
    "Alexandra": {
        "offline_false": 132552,
        "offline_rate": 0.049779205138498595,
        "skipped_true": 16385,
        "total": 139496,
        "skip_rate": 0.11745856512014681,
        "shuffle_false": 9351,
        "shuffle_rate": 0.9329658198084533,
        "offline_true": 6944,
        "shuffle_true": 130145,
        "skipped_false": 123111
    },
    "Koren": {
        "offline_false": 179765,
        "offline_rate": 0.008865707685267378,
        "skipped_true": 49916,
        "total": 181373,
        "skip_rate": 0.2752118562299791,
        "shuffle_false": 63217,
        "shuffle_rate": 0.6514530828734155,
        "offline_true": 1608,
        "shuffle_true": 118156,
        "skipped_false": 131457
    },
    "Alan": {
        "offline_false": 448585,
        "offline_rate": 0.0013046256325541944,
        "skipped_true": 116773,
        "total": 449171,
        "skip_rate": 0.25997448633148623,
        "shuffle_false": 164442,
        "shuffle_rate": 0.6338988937398007,
        "offline_true": 586,
        "shuffle_true": 284729,
        "skipped_false": 332398
    }
}