{
  "Anthony": {
    "offline_false": 13642,
    "offline_rate": 0.004669487815555231,
    "skipped_true": 4371,
    "total": 13706,
    "skip_rate": 0.3189114256529987,
    "shuffle_false": 5271,
    "shuffle_rate": 0.6154239019407559,
    "offline_true": 64,
    "shuffle_true": 8435,
    "skipped_false": 9335
  },
  "Alexandra": {
    "offline_false": 8592,
    "offline_rate": 0.013774104683195593,
    "skipped_true": 2296,
    "total": 8712,
    "skip_rate": 0.263544536271809,
    "shuffle_false": 368,
    "shuffle_rate": 0.9577594123048668,
    "offline_true": 120,
    "shuffle_true": 8344,
    "skipped_false": 6416
  },
  "Koren": {
    "offline_false": 17023,
    "offline_rate": 0.007983682983682983,
    "skipped_true": 9459,
    "total": 17160,
    "skip_rate": 0.5512237762237763,
    "shuffle_false": 4019,
    "shuffle_rate": 0.7657925407925408,
    "offline_true": 137,
    "shuffle_true": 13141,
    "skipped_false": 7701
  },
  "Alan": {
    "offline_false": 29383,
    "offline_rate": 0.001189747773472024,
    "skipped_true": 23593,
    "total": 29418,
    "skip_rate": 0.8019919777007275,
    "shuffle_false": 14830,
    "shuffle_rate": 0.4958868719831396,
    "offline_true": 35,
    "shuffle_true": 14588,
    "skipped_false": 5825
  }
}
