{
    "Anthony": {
        "shuffle_off": {
            "median": 2.8959333333333332,
            "q1": 1.9928166666666667,
            "q3": 3.7135,
            "iqr": 1.7206833333333331,
            "whisker_lo": 0,
            "whisker_hi": 6.294524999999999,
            "mean": 2.762954696394687,
            "n": 5270
        },
        "shuffle_on": {
            "median": 2.601583333333333,
            "q1": 0.04643333333333333,
            "q3": 3.5567333333333333,
            "iqr": 3.5103,
            "whisker_lo": 0,
            "whisker_hi": 8.822183333333333,
            "mean": 2.212019583778015,
            "n": 8433
        }
    },
    "Alexandra": {
        "shuffle_off": {
            "median": 0.49566666666666664,
            "q1": 0.49566666666666664,
            "q3": 2.713979166666667,
            "iqr": 2.2183125,
            "whisker_lo": 0,
            "whisker_hi": 6.041447916666668,
            "mean": 1.4721479619565212,
            "n": 368
        },
        "shuffle_on": {
            "median": 2.9313333333333333,
            "q1": 1.016775,
            "q3": 3.469033333333333,
            "iqr": 2.452258333333333,
            "whisker_lo": 0,
            "whisker_hi": 7.1474208333333324,
            "mean": 2.4302758600023973,
            "n": 8343
        }
    },
    "Koren": {
        "shuffle_off": {
            "median": 0.07671666666666667,
            "q1": 0.018,
            "q3": 1.2167166666666667,
            "iqr": 1.1987166666666667,
            "whisker_lo": 0,
            "whisker_hi": 3.0147916666666665,
            "mean": 0.8218706289934445,
            "n": 4017
        },
        "shuffle_on": {
            "median": 2.1799666666666666,
            "q1": 0.02915,
            "q3": 5.650433333333333,
            "iqr": 5.621283333333333,
            "whisker_lo": 0,
            "whisker_hi": 11.781766666666666,
            "mean": 2.982021753650794,
            "n": 13125
        }
    },
    "Alan": {
        "shuffle_off": {
            "median": 1.0847833333333334,
            "q1": 0.04471666666666667,
            "q3": 3.0437208333333334,
            "iqr": 2.999004166666667,
            "whisker_lo": 0,
            "whisker_hi": 7.542227083333334,
            "mean": 1.7048398395480224,
            "n": 14750
        },
        "shuffle_on": {
            "median": 0.29049166666666665,
            "q1": 0.0192,
            "q3": 2.3862041666666665,
            "iqr": 2.3670041666666664,
            "whisker_lo": 0,
            "whisker_hi": 5.936710416666666,
            "mean": 1.2957665373701315,
            "n": 14566
        }
    }
}