{
    "feat_min": [
        0.9506808277916429,
        0.117458565120147,
        0.496895469432314,
        0.0,
        6.845651098620157,
        0.031779812871816644,
        0.00375580792170465,
        17.1196891036184,
        4.595980050612274
    ],
    "axes": [
        "Avg Play\nLength",
        "Skip Rate",
        "Shuffle Rate",
        "Offline Rate",
        "Artist\nDiversity",
        "Top-1\nArtist Share",
        "Discovery\nRate",
        "Session\nLength",
        "Genre\nDiversity"
    ],
    "periods": {
        "2025": {
            "Anthony": {
                "raw": [
                    2.423902240385317,
                    0.31898124498285,
                    0.61541268335401,
                    0.00467051010727578,
                    6.845651098620157,
                    0.08749908779099468,
                    0.0396263591914179,
                    41.622471679198,
                    4.696863743819294
                ],
                "normed": [
                    0.9349874239376782,
                    0.32780548674963783,
                    0.29430754377899837,
                    0.13913329551099007,
                    0.05,
                    0.8594978207752717,
                    0.46389356289276645,
                    0.9106676454096619,
                    0.11018798110888048
                ]
            },
            "Alexandra": {
                "raw": [
                    2.389799328435312,
                    0.263574790494777,
                    0.957754563195959,
                    0.0137756859143612,
                    7.214489977923776,
                    0.06463092641487773,
                    0.0577430834576972,
                    17.1196891036184,
                    5.374317863844583
                ],
                "normed": [
                    0.9145012648733227,
                    0.251425909678623,
                    1.0,
                    0.3128989671938714,
                    0.19126907080120426,
                    0.5272658090350696,
                    0.6729339954786837,
                    0.05,
                    0.5143622780841451
                ]
            },
            "Koren": {
                "raw": [
                    2.4771122520681264,
                    0.551416058394161,
                    0.766014598540146,
                    0.008,
                    8.558262872401054,
                    0.06254014598540146,
                    0.0815182481751825,
                    41.6295851979064,
                    5.568518071451719
                ],
                "normed": [
                    0.9669515202807789,
                    0.648224342440139,
                    0.6047534509182522,
                    0.20267419354838706,
                    0.7059478609793493,
                    0.4968906434602194,
                    0.947264533621011,
                    0.9109175099047842,
                    0.6302236036882093
                ]
            },
            "Alan": {
                "raw": [
                    1.5017150956377365,
                    0.802811135371179,
                    0.496895469432314,
                    0.00119405021834061,
                    7.11216835575165,
                    0.040222434497816595,
                    0.0162731986899563,
                    31.2629779000947,
                    6.188316373927291
                ],
                "normed": [
                    0.3810150076789571,
                    0.9947805304267433,
                    0.05,
                    0.07278758176767852,
                    0.15207884087094453,
                    0.17265564865641939,
                    0.1944323345977424,
                    0.546787294637461,
                    1.0
                ]
            }
        },
        "alltime": {
            "Anthony": {
                "raw": [
                    1.531394397751372,
                    0.341089443685395,
                    0.538263017706565,
                    0.0040183379822696,
                    7.296001309976544,
                    0.09355635600822534,
                    0.0178169723567811,
                    36.7184998896978,
                    4.644352984676384
                ],
                "normed": [
                    0.3988438342879677,
                    0.358282348738088,
                    0.135273723340465,
                    0.12668706385598302,
                    0.2224887463424698,
                    0.9474987042902123,
                    0.21224521900137971,
                    0.7384141537825093,
                    0.0788596615476519
                ]
            },
            "Alexandra": {
                "raw": [
                    2.0962953353501175,
                    0.117458565120147,
                    0.932965819808453,
                    0.0497792051384986,
                    7.389575504595861,
                    0.06671875896083042,
                    0.00760595285886334,
                    26.2995605809875,
                    5.457960642253144
                ],
                "normed": [
                    0.738188769999527,
                    0.05,
                    0.9489012877541086,
                    1.0,
                    0.2583286218724033,
                    0.5575981473245377,
                    0.09442502691726531,
                    0.37244576081186925,
                    0.5642641978762575
                ]
            },
            "Koren": {
                "raw": [
                    1.194161051442791,
                    0.275211856229979,
                    0.651453082873416,
                    0.00886570768526738,
                    9.326002483046842,
                    0.031779812871816644,
                    0.0219382157211933,
                    20.7162670859238,
                    5.6149771407893185
                ],
                "normed": [
                    0.19626242468838556,
                    0.26746797855696386,
                    0.368600055322657,
                    0.21919559638549185,
                    1.0,
                    0.05,
                    0.25979832424414656,
                    0.17633088891088122,
                    0.6579414389372565
                ]
            },
            "Alan": {
                "raw": [
                    0.9506808277916429,
                    0.259974486331486,
                    0.633898893739801,
                    0.00130462563255419,
                    6.920295470446144,
                    0.09717012006563203,
                    0.00375580792170465,
                    27.8805339579525,
                    5.456490037504642
                ],
                "normed": [
                    0.05,
                    0.24646277475400197,
                    0.33241441875260624,
                    0.07489783329159566,
                    0.0785895593986892,
                    1.0,
                    0.05,
                    0.42797792862222833,
                    0.5633868238626014
                ]
            }
        },
        "2024": {
            "Anthony": {
                "raw": [
                    1.6167807898259705,
                    0.556267623686234,
                    0.682987268221823,
                    8.54846982390152e-5,
                    6.893998974099822,
                    0.07331453473468341,
                    0.0469110484491156,
                    31.223078520352,
                    4.595980050612274
                ],