{
  "Anthony": {
    "top1_share": 0.08747993579454254,
    "unique_artists": 543,
    "total_plays": 13706,
    "gini": 0.8038667314848331,
    "top10_share": 0.36071793375164163,
    "top5_share": 0.24310520939734423,
    "entropy": 6.845415682871995
  },
  "Alexandra": {
    "top1_share": 0.06462350780532598,
    "unique_artists": 503,
    "total_plays": 8712,
    "gini": 0.7109961899858883,
    "top10_share": 0.34584481175390264,
    "top5_share": 0.22750229568411387,
    "entropy": 7.214559705824866
  },
  "Koren": {
    "top1_share": 0.062412587412587414,
    "unique_artists": 1405,
    "total_plays": 17160,
    "gini": 0.7434746866419466,
    "top10_share": 0.2006993006993007,
    "top5_share": 0.14003496503496504,
    "entropy": 8.564350808773384
  },
  "Alan": {
    "top1_share": 0.04024746753688218,
    "unique_artists": 480,
    "total_plays": 29418,
    "gini": 0.7783226539307,
    "top10_share": 0.2598749065198178,
    "top5_share": 0.16177170439866748,
    "entropy": 7.11287508794942
  }
}
