{
    "Anthony": {
        "top1_share": 0.09355635600822534,
        "unique_artists": 1291,
        "total_plays": 72459,
        "gini": 0.8737233906118056,
        "top10_share": 0.31627541092203865,
        "top5_share": 0.22291226762720986,
        "entropy": 7.29600130997654
    },
    "Alexandra": {
        "top1_share": 0.06671875896083042,
        "unique_artists": 1061,
        "total_plays": 139496,
        "gini": 0.833193883330738,
        "top10_share": 0.342855709124276,
        "top5_share": 0.24834403853873946,
        "entropy": 7.38957550459586
    },
    "Koren": {
        "top1_share": 0.031779812871816644,
        "unique_artists": 3979,
        "total_plays": 181373,
        "gini": 0.828693298315492,
        "top10_share": 0.16297905421424358,
        "top5_share": 0.10844502765020152,
        "entropy": 9.326002483046834
    },
    "Alan": {
        "top1_share": 0.09717012006563203,
        "unique_artists": 1687,
        "total_plays": 449171,
        "gini": 0.9330717886545274,
        "top10_share": 0.3270469375805651,
        "top5_share": 0.2315554655131342,
        "entropy": 6.920295470446177
    }
}