{
  "Anthony": {
    "top1_share": 0.09353917470303381,
    "unique_artists": 1296,
    "total_plays": 72483,
    "gini": 0.87399741284589,
    "top10_share": 0.31626726266848776,
    "top5_share": 0.22290744036532703,
    "entropy": 7.2971410040125155
  },
  "Alexandra": {
    "top1_share": 0.06670440945671881,
    "unique_artists": 1064,
    "total_plays": 139541,
    "gini": 0.8334923244323102,
    "top10_share": 0.3427953074723558,
    "top5_share": 0.24830694921205954,
    "entropy": 7.390642245218716
  },
  "Koren": {
    "top1_share": 0.031695058782126716,
    "unique_artists": 4039,
    "total_plays": 181858,
    "gini": 0.8292606325750933,
    "top10_share": 0.16257189675461073,
    "top5_share": 0.1081778090598159,
    "entropy": 9.33846722579993
  },
  "Alan": {
    "top1_share": 0.0971366895929893,
    "unique_artists": 1695,
    "total_plays": 450283,
    "gini": 0.9332565491081495,
    "top10_share": 0.32694327789412436,
    "top5_share": 0.2314766491295474,
    "entropy": 6.922136450956705
  }
}
