{
    "Anthony": {
        "top1_share": 0.07331453473468341,
        "unique_artists": 549,
        "total_plays": 11703,
        "gini": 0.8028389961816027,
        "top10_share": 0.3567461334700504,
        "top5_share": 0.2301119371101427,
        "entropy": 6.893998974099811
    },
    "Alexandra": {
        "top1_share": 0.07989649037683973,
        "unique_artists": 531,
        "total_plays": 12366,
        "gini": 0.7369885778178609,
        "top10_share": 0.3596959404819667,
        "top5_share": 0.24211547792333818,
        "entropy": 7.11759407174044
    },
    "Koren": {
        "top1_share": 0.05227054465633146,
        "unique_artists": 1255,
        "total_plays": 14578,
        "gini": 0.7397432905229133,
        "top10_share": 0.20873919604884072,
        "top5_share": 0.14508162985320347,
        "entropy": 8.437622516100479
    },
    "Alan": {
        "top1_share": 0.04921664820382972,
        "unique_artists": 796,
        "total_plays": 56871,
        "gini": 0.8532688013222909,
        "top10_share": 0.241071899562167,
        "top5_share": 0.1555098380545445,
        "entropy": 7.187442733089141
    }
}