{
    "Anthony": {
        "top1_share": 0.08749908779099468,
        "unique_artists": 543,
        "total_plays": 13703,
        "gini": 0.8038397850533192,
        "top10_share": 0.36065095234620154,
        "top5_share": 0.24301247901919287,
        "entropy": 6.845651098620168
    },
    "Alexandra": {
        "top1_share": 0.06463092641487773,
        "unique_artists": 503,
        "total_plays": 8711,
        "gini": 0.7109833251666673,
        "top10_share": 0.3458845138330846,
        "top5_share": 0.22752841235219837,
        "entropy": 7.2144899779238045
    },
    "Koren": {
        "top1_share": 0.06254014598540146,
        "unique_artists": 1396,
        "total_plays": 17125,
        "gini": 0.7432601593708823,
        "top10_share": 0.20081751824817518,
        "top5_share": 0.1400875912408759,
        "entropy": 8.558262872401176
    },
    "Alan": {
        "top1_share": 0.040222434497816595,
        "unique_artists": 477,
        "total_plays": 29312,
        "gini": 0.7771362305805023,
        "top10_share": 0.25965474890829693,
        "top5_share": 0.16160616812227074,
        "entropy": 7.11216835575164
    }
}