{
  "Anthony": {
    "top1_share": 0.0732519422863485,
    "unique_artists": 551,
    "total_plays": 11713,
    "gini": 0.8029277968869188,
    "top10_share": 0.35661231110731667,
    "top5_share": 0.23008622897635106,
    "entropy": 6.896759276335887
  },
  "Alexandra": {
    "top1_share": 0.07987711213517665,
    "unique_artists": 531,
    "total_plays": 12369,
    "gini": 0.737009585503154,
    "top10_share": 0.35968954644676204,
    "top5_share": 0.24213760206969034,
    "entropy": 7.117646585598567
  },
  "Koren": {
    "top1_share": 0.0519515843873249,
    "unique_artists": 1267,
    "total_plays": 14706,
    "gini": 0.7400973846668579,
    "top10_share": 0.20746634026927785,
    "top5_share": 0.14415884672922616,
    "entropy": 8.45006450776029
  },
  "Alan": {
    "top1_share": 0.049139230742260086,
    "unique_artists": 798,
    "total_plays": 57042,
    "gini": 0.8535824062804183,
    "top10_share": 0.24069983520914415,
    "top5_share": 0.15527155429332773,
    "entropy": 7.188052126578895
  }
}
