{"dasucc":{"repeat_rate":0.8749223955962088,"new_rate":0.12507760440379123,"total_plays":72483,"new_plays":9066,"repeat_plays":63417},"alexxxxxrs":{"repeat_rate":0.9623838155094202,"new_rate":0.03761618449057983,"total_plays":139541,"new_plays":5249,"repeat_plays":134292},"korenns":{"repeat_rate":0.916484289940503,"new_rate":0.08351571005949697,"total_plays":181858,"new_plays":15188,"repeat_plays":166670},"alanjzamora":{"repeat_rate":0.9765280945538695,"new_rate":0.023471905446130543,"total_plays":450283,"new_plays":10569,"repeat_plays":439714}}