{
  "Anthony": {
    "row_labels": [
      "appload",
      "backbtn",
      "clickrow",
      "fwdbtn",
      "playbtn",
      "remote",
      "switched-to-audio",
      "trackdone",
      "trackerror",
      "unknown"
    ],
    "expected": [
      [105.55790702765817, 49.442092972341825],
      [90.5754944172809, 42.424505582719114],
      [582.2710355396629, 272.7289644603371],
      [2304.567466978034, 1079.432533021966],
      [75.5930818069036, 35.4069181930964],
      [132.79865722834415, 62.20134277165584],
      [0.6810187550171495, 0.31898124498285046],
      [6024.291906881705, 2821.7080931182954],
      [6.129168795154346, 2.870831204845654],
      [9.534262570240093, 4.465737429759907]
    ],
    "chi2": 6608.298334374773,
    "df": 9,
    "p_value": 0,
    "n_low_expected": 4,
    "observed": [
      [80, 75],
      [54, 79],
      [375, 480],
      [563, 2821],
      [61, 50],
      [167, 28],
      [0, 1],
      [8032, 814],
      [0, 9],
      [0, 14]
    ],
    "col_labels": ["skipped=false", "skipped=true"],
    "n": 13703
  },
  "Alexandra": {
    "row_labels": [
      "appload",
      "backbtn",
      "clickrow",
      "fwdbtn",
      "playbtn",
      "remote",
      "trackdone",
      "trackerror",
      "unknown"
    ],
    "expected": [
      [173.05992423372746, 61.94007576627253],
      [121.51015956836184, 43.48984043163816],
      [213.56331075651474, 76.43668924348525],
      [1656.220296177247, 592.7797038227528],
      [68.48754448398577, 24.512455516014235],
      [2.945700838020893, 1.054299161979107],
      [4068.7492825163586, 1456.2507174836414],
      [5.154976466536563, 1.845023533463437],
      [105.30880495924693, 37.69119504075307]
    ],
    "chi2": 1256.5354286326278,
    "df": 8,
    "p_value": 5.823135662828872e-266,
    "n_low_expected": 3,
    "observed": [
      [182, 53],
      [120, 45],
      [159, 131],
      [1068, 1181],
      [50, 43],
      [3, 1],
      [4713, 812],
      [6, 1],
      [114, 29]
    ],
    "col_labels": ["skipped=false", "skipped=true"],
    "n": 8711
  },
  "Koren": {
    "row_labels": [
      "appload",
      "backbtn",
      "clickrow",
      "fwdbtn",
      "playbtn",
      "remote",
      "trackdone",
      "trackerror",
      "unknown"
    ],
    "expected": [
      [39.44650565861627, 48.55349434138373],
      [195.43950530859877, 240.56049469140123],
      [727.5190759537977, 895.4809240462023],
      [3214.8902111772254, 3957.1097888227746],
      [202.16334150040836, 248.83665849959164],
      [38.10173842025434, 46.89826157974566],
      [3190.684400886711, 3927.315599113289],
      [66.79010617197527, 82.20989382802473],
      [8.965114922412788, 11.034885077587212]
    ],
    "chi2": 7214.4648158738855,
    "df": 8,
    "p_value": 0,
    "n_low_expected": 0,
    "observed": [
      [40, 48],
      [114, 322],
      [308, 1315],
      [1073, 6099],
      [228, 223],
      [46, 39],
      [5857, 1261],
      [18, 131],
      [0, 20]
    ],
    "col_labels": ["skipped=false", "skipped=true"],
    "n": 17142
  },
  "Alan": {
    "row_labels": [
      "appload",
      "backbtn",
      "clickrow",
      "fwdbtn",
      "playbtn",
      "reconnect",
      "remote",
      "trackdone",
      "trackerror",
      "unknown"
    ],
    "expected": [
      [69.41301678264429, 282.58698321735574],
      [147.10826852230863, 598.8917314776913],
      [2036.4438190749079, 8290.556180925092],
      [2347.02762996316, 9554.97237003684],
      [119.69801473598035, 487.30198526401966],
      [1.1831764224314367, 4.816823577568563],
      [15.775685632419156, 64.22431436758085],
      [1033.7018010642653, 4208.298198935735],
      [7.099058534588621, 28.90094146541138],
      [3.5495292672943104, 14.45047073270569]
    ],
    "chi2": 6615.6347281011185,
    "df": 9,
    "p_value": 0,
    "n_low_expected": 3,
    "observed": [
      [73, 279],
      [145, 601],
      [1381, 8946],
      [943, 10959],
      [81, 526],
      [1, 5],
      [17, 63],
      [3129, 2113],
      [8, 28],
      [3, 15]
    ],
    "col_labels": ["skipped=false", "skipped=true"],
    "n": 29316
  }
}
