{
  "pooled": {
    "matrix": [
      [
        1, -0.00789727859517782, 0.00176890950195354, 0.0012790974557656365,
        0.12999734149400785, -0.19869411945835333, 0.029756994505425134,
        0.03971318658459055
      ],
      [
        -0.00789727859517782, 1.0, -0.034223791476383957, 0.004655944044040097,
        0.0076673247128908805, 0.03296538422542409, 0.01714549550624584,
        0.004848492600156559
      ],
      [
        0.00176890950195354, -0.034223791476383957, 1.0, -0.009864137162868573,
        -0.02344582399981319, -0.030984813694948612, -0.007817773821811716,
        -0.001888887685477249
      ],
      [
        0.0012790974557656365, 0.004655944044040097, -0.009864137162868573, 1.0,
        -0.10877198615455562, -0.0007456392747383423, 0.0863472268928756,
        -0.0006803960730324809
      ],
      [
        0.12999734149400785, 0.0076673247128908805, -0.02344582399981319,
        -0.10877198615455562, 1.0, 0.5970027685209587, -0.0033977278293137276,
        -0.15286740084195427
      ],
      [
        -0.19869411945835333, 0.03296538422542409, -0.030984813694948612,
        -0.0007456392747383423, 0.5970027685209587, 1.0, -0.03176470152963863,
        -0.03990346035646404
      ],
      [
        0.029756994505425134, 0.01714549550624584, -0.007817773821811716,
        0.0863472268928756, -0.0033977278293137276, -0.03176470152963863, 1.0,
        0.009565610931224457
      ],
      [
        0.03971318658459055, 0.004848492600156559, -0.001888887685477249,
        -0.0006803960730324809, -0.15286740084195427, -0.03990346035646404,
        0.009565610931224457, 1.0
      ]
    ],
    "n": 842892
  },
  "variables": [
    "ms_played",
    "hour",
    "dow",
    "month",
    "year",
    "skip",
    "shuffle",
    "offline"
  ],
  "Anthony": {
    "matrix": [
      [
        1, -0.048037120309701954, 0.0655516996573909, 0.06434606747223703,
        0.18366939357619963, -0.4664055435883739, -0.11735732090886779,
        0.016673677497101674
      ],
      [
        -0.048037120309701954, 1.0, -0.06185314062990603, 0.009852873286772328,
        -0.004629215845899661, 0.08464608743711995, 0.033787804835083875,
        0.02079065318279781
      ],
      [
        0.0655516996573909, -0.06185314062990603, 1.0, 0.02315349601846321,
        -0.02564574475566777, -0.0993601593010789, -0.07624402836302904,
        -0.031249261656903313
      ],
      [
        0.06434606747223703, 0.009852873286772328, 0.02315349601846321, 1.0,
        -0.1380176700809261, -0.009189786825766823, -0.07858237829964246,
        -0.0016978691021120819
      ],
      [
        0.18366939357619963, -0.004629215845899661, -0.02564574475566777,
        -0.1380176700809261, 1.0, 0.37276005003819557, 0.2647537649225038,
        -0.019682555544714944
      ],
      [
        -0.4664055435883739, 0.08464608743711995, -0.0993601593010789,
        -0.009189786825766823, 0.37276005003819557, 1.0, 0.28182558856179696,
        -0.03506975465482861
      ],
      [
        -0.11735732090886779, 0.033787804835083875, -0.07624402836302904,
        -0.07858237829964246, 0.2647537649225038, 0.28182558856179696, 1.0,
        0.02332655373703315
      ],
      [
        0.016673677497101674, 0.02079065318279781, -0.031249261656903313,
        -0.0016978691021120819, -0.019682555544714944, -0.03506975465482861,
        0.02332655373703315, 1.0
      ]
    ],
    "n": 72428
  },
  "Alexandra": {
    "matrix": [
      [
        1, -0.032526134331887786, 0.009747359555159886, 0.009082153822863679,
        0.05787124928343122, -0.35486406772458196, -0.004453157992405985,
        0.006384367644110907
      ],
      [
        -0.032526134331887786, 1.0, -0.0613678295079536, -0.03204848984858107,
        -0.03041922626555693, 0.020469982886852686, 0.018958651020812248,
        -0.005157351369544365
      ],
      [
        0.009747359555159886, -0.0613678295079536, 1.0, 0.016367867998058828,
        0.017237476481761372, -0.00813586616090734, 0.01479660563332214,
        -0.005196396272356998
      ],
      [
        0.009082153822863679, -0.03204848984858107, 0.016367867998058828, 1.0,
        -0.05788946787614358, 0.03206942752642299, 0.01671189272529457,
        -0.018310200118786254
      ],
      [
        0.05787124928343122, -0.03041922626555693, 0.017237476481761372,
        -0.05788946787614358, 1.0, 0.2565623199189857, 0.12286872583518045,
        -0.32061820429115384
      ],
      [
        -0.35486406772458196, 0.020469982886852686, -0.00813586616090734,
        0.03206942752642299, 0.2565623199189857, 1.0, -0.03847464896149969,
        -0.08238872450856269
      ],
      [
        -0.004453157992405985, 0.018958651020812248, 0.01479660563332214,
        0.01671189272529457, 0.12286872583518045, -0.03847464896149969, 1.0,
        -0.17908288896873928
      ],
      [
        0.006384367644110907, -0.005157351369544365, -0.005196396272356998,
        -0.018310200118786254, -0.32061820429115384, -0.08238872450856269,
        -0.17908288896873928, 1.0
      ]
    ],
    "n": 139509
  },
  "Koren": {
    "matrix": [
      [
        1, -0.030975552595830826, 0.0039828314318241225, -0.09233969876314767,
        0.23946885160387965, -0.22760439322486595, 0.12018500956877065,
        -0.015421815888988652
      ],
      [
        -0.030975552595830826, 1.0, -0.04269951533437359, 0.03923552215303021,
        -0.043373953717975595, 0.038582545648264854, 0.046814626340207804,
        0.025936916380580273
      ],
      [
        0.0039828314318241225, -0.04269951533437359, 1.0, -0.006261918914157542,
        -0.051505907126493396, -0.05018752774476015, 0.00183800424842471,
        0.012067964878961996
      ],
      [
        -0.09233969876314767, 0.03923552215303021, -0.006261918914157542, 1.0,
        -0.20161280167832454, -0.02598431693588434, -0.022416112158224612,
        0.008574577996908776
      ],
      [
        0.23946885160387965, -0.043373953717975595, -0.051505907126493396,
        -0.20161280167832454, 1.0, 0.5908538266156232, 0.18088838983850164,
        -0.009993847254010577
      ],
      [
        -0.22760439322486595, 0.038582545648264854, -0.05018752774476015,
        -0.02598431693588434, 0.5908538266156232, 1.0, 0.057981841046950915,
        0.02655321494703731
      ],
      [
        0.12018500956877065, 0.046814626340207804, 0.00183800424842471,
        -0.022416112158224612, 0.18088838983850164, 0.057981841046950915, 1.0,
        0.004485807598127267
      ],
      [
        -0.015421815888988652, 0.025936916380580273, 0.012067964878961996,
        0.008574577996908776, -0.009993847254010577, 0.02655321494703731,
        0.004485807598127267, 1.0
      ]
    ],
    "n": 181756
  },