{
  "Anthony": {
    "total_minutes": 33247.979283333334,
    "play_count": 13706,
    "total_hours": 554.1329880555555
  },
  "Alexandra": {
    "total_minutes": 20827.65511666667,
    "play_count": 8712,
    "total_hours": 347.1275852777778
  },
  "Koren": {
    "total_minutes": 42747.468316666665,
    "play_count": 17160,
    "total_hours": 712.4578052777778
  },
  "Alan": {
    "total_minutes": 45544.52626666667,
    "play_count": 29418,
    "total_hours": 759.0754377777778
  }
}
