{
    "Anthony": {
        "total_minutes": 33214.7324,
        "play_count": 13703,
        "total_hours": 553.5788733333334
    },
    "Alexandra": {
        "total_minutes": 20817.54195,
        "play_count": 8711,
        "total_hours": 346.9590325
    },
    "Koren": {
        "total_minutes": 42420.54731666666,
        "play_count": 17125,
        "total_hours": 707.0091219444444
    },
    "Alan": {
        "total_minutes": 44018.27288333333,
        "play_count": 29312,
        "total_hours": 733.6378813888889
    }
}