{
    "Anthony": {
        "total_minutes": 18921.185583333332,
        "play_count": 11703,
        "total_hours": 315.3530930555555
    },
    "Alexandra": {
        "total_minutes": 27250.64776666667,
        "play_count": 12366,
        "total_hours": 454.1774627777778
    },
    "Koren": {
        "total_minutes": 36913.35346666667,
        "play_count": 14578,
        "total_hours": 615.2225577777778
    },
    "Alan": {
        "total_minutes": 74463.40336666667,
        "play_count": 56871,
        "total_hours": 1241.0567227777778
    }
}